{
    "id": "5EQRQRNU",
    "type": "birthday",
    "to": "kyla",
    "from": "sholeh",
    "message1": "mnmsssssssssssssssssssss",
    "message2": "ssssssssssssssssssssssssssssssssssssss",
    "message3": "ssssssssssssssssssssssssssssssssssss",
    "spotify_url": "https:\/\/open.spotify.com\/track\/6RSG1dKPV5gEvILwJb4QtS?si=98915c942d7b4b4c",
    "photos": [
        "uploads_premium\/prem_1765986956_1.jpeg",
        "uploads_premium\/prem_1765986956_2.jpeg",
        "uploads_premium\/prem_1765986956_3.jpeg"
    ],
    "payment_status": "unpaid",
    "created_at": "2025-12-17T16:55:56+01:00"
}