{
    "id": "BYDQ7H0E",
    "type": "birthday",
    "to": "kyla",
    "from": "sholeh",
    "message1": "mnmsssssssssssssssssssss",
    "message2": "ssssssssssssssssssssssssssssssssssssss",
    "message3": "ssssssssssssssssssssssssssssssssssss",
    "spotify_url": "https:\/\/open.spotify.com\/track\/1gvI1nP8e6wr6KSilWutKz?si=a089b820d33b46ec",
    "photos": [
        "uploads_premium\/prem_1765987012_1.jpeg",
        "uploads_premium\/prem_1765987012_2.jpeg",
        "uploads_premium\/prem_1765987012_3.jpeg"
    ],
    "payment_status": "unpaid",
    "created_at": "2025-12-17T16:56:52+01:00"
}