{
    "id": "DD1ALR40",
    "type": "birthday",
    "to": "kyla",
    "from": "sholeh",
    "message1": "mnmsssssssssssssssssssss",
    "message2": "ssssssssssssssssssssssssssssssssssssss",
    "message3": "ssssssssssssssssssssssssssssssssssss",
    "spotify_url": "https:\/\/open.spotify.com\/track\/6RSG1dKPV5gEvILwJb4QtS?si=98915c942d7b4b4c",
    "photos": [
        "uploads_premium\/prem_1765986940_1.jpeg",
        "uploads_premium\/prem_1765986940_2.jpeg",
        "uploads_premium\/prem_1765986940_3.jpeg"
    ],
    "payment_status": "unpaid",
    "created_at": "2025-12-17T16:55:40+01:00"
}