{
    "id": "W47Y5PPA",
    "type": "mother",
    "to": "kk",
    "from": "kk",
    "message": "sssssssssssss",
    "spotify": "https:\/\/open.spotify.com\/intl-id\/track\/3c3JC5TjFrEqEKheU7227c?si=af796fa8376f412a",
    "youtube": null,
    "created": "2025-11-30 20:13:21",
    "price": 12000,
    "payment_status": "unpaid",
    "midtrans_order_id": null,
    "midtrans_transaction_id": null,
    "paid_at": null,
    "midtrans_payment_link": "https:\/\/app.sandbox.midtrans.com\/payment-links\/e21f5255-c389-4c7b-83db-85c684d0b196"
}