[
    {
        "id": "birthday",
        "title": "Happy Birthday",
        "image": "assets\/templates\/birthday.jpg",
        "premium": false
    },
    {
        "id": "anniversary",
        "title": "Happy Anniversary",
        "image": "assets\/templates\/anniversary.jpg",
        "premium": false
    },
    {
        "id": "mother",
        "title": "Happy Mother’s Day",
        "image": "assets\/templates\/mother.jpg",
        "premium": false
    },
    {
        "id": "father",
        "title": "Happy Father’s Day",
        "image": "assets\/templates\/father.jpg",
        "premium": false
    },
    {
        "id": "eid",
        "title": "Happy Eid Mubarak",
        "image": "assets\/templates\/eid.jpg",
        "premium": true
    },
    {
        "id": "wedding",
        "title": "Happy Wedding",
        "image": "assets\/templates\/wedding.jpg",
        "premium": true
    },
    {
        "id": "confess",
        "title": "Confession Love Letter",
        "image": "assets\/templates\/confess.jpg",
        "premium": true
    }
]